education_num,avg
4,65.6687306501547988
14,166.7196749854904237
3,68.2522522522522523
10,71.6370868193663421
7,50.0791489361702128
9,70.4666222264546234
13,118.3503267973856209
1,66.4901960784313725
5,28.9980544747081712
2,48.3273809523809524
15,231.2031250000000000
16,262.8450363196125908
6,56.8456591639871383
12,93.4189315838800375
8,32.3371824480369515
11,72.7547033285094067
