education_num,avg
4,233.9396284829721362
14,2562.5635519442832269
3,176.0210210210210210
10,598.8241667809628309
7,215.0978723404255319
9,576.8001142748309685
13,1756.2995331465919701
1,898.3921568627450980
5,342.0894941634241245
2,125.8750000000000000
15,10414.416666666667
16,4770.1452784503631961
6,404.5744908896034298
12,640.3992502343017807
8,284.0877598152424942
11,715.0513748191027496
