education_num,avg
4,39.3668730650154799
14,43.8363319791062101
3,38.8978978978978979
10,38.8522836373611302
7,33.9259574468085106
9,40.5753737739262927
13,42.6140056022408964
1,36.6470588235294118
5,38.0447470817120623
2,38.2559523809523810
15,47.4253472222222222
16,46.9733656174334140
6,37.0525187566988210
12,40.5042174320524836
8,35.7806004618937644
11,41.6107091172214182
