income,avg
 <=50K,38.8402103559870550
 >50K,45.4730263996939166
