income,avg
 <=50K,53.1429207119741100
 >50K,195.0015304170386430
