income,avg
 <=50K,148.7524676375404531
 >50K,4006.1424563193470221
