marital_status,avg
 Separated,535.5687804878048780
 Married-civ-spouse,1764.8595085470085470
 Married-AF-spouse,432.6521739130434783
 Married-spouse-absent,653.9832535885167464
 Never-married,376.5883178882336422
 Widowed,571.0715005035246727
 Divorced,728.4148098131892865
