marital_status,avg
 Separated,39.3014634146341463
 Married-civ-spouse,43.2848557692307692
 Married-AF-spouse,41.1304347826086957
 Married-spouse-absent,39.6698564593301435
 Never-married,36.9399981278667041
 Widowed,32.9798590130916415
 Divorced,41.2466801710555931
