marital_status,avg
 Separated,58.1102439024390244
 Married-civ-spouse,122.4391025641025641
 Married-AF-spouse,0.00000000000000000000
 Married-spouse-absent,57.7799043062200957
 Never-married,52.3455021997566227
 Widowed,79.6666666666666667
 Divorced,64.6007202340760747
