race,avg
 Other,934.6605166051660517
 Amer-Indian-Eskimo,625.2668810289389068
 White,1121.6603753235547886
 Black,609.9404609475032010
 Asian-Pac-Islander,1478.3580365736284889
