race,avg
 Other,61.0701107011070111
 Amer-Indian-Eskimo,34.1768488745980707
 White,90.8061547310900201
 Black,60.3850832266325224
 Asian-Pac-Islander,97.2223291626564004
