race,avg
 Other,39.4686346863468635
 Amer-Indian-Eskimo,40.0482315112540193
 White,40.6890997986770204
 Black,38.4228553137003841
 Asian-Pac-Islander,40.1270452358036574
