relationship,avg
 Husband,124.1609186689911317
 Not-in-family,75.3907284768211921
 Other-relative,51.3323139653414883
 Own-child,39.5118389897395422
 Unmarried,41.4648868253047011
 Wife,118.0063775510204082
