relationship,avg
 Husband,1795.0622299704388691
 Not-in-family,743.3272727272727273
 Other-relative,279.5953109072375127
 Own-child,155.6554853985793212
 Unmarried,455.0310504933255949
 Wife,1659.7914540816326531
