relationship,avg
 Husband,44.1201394678996438
 Not-in-family,40.5956652618904275
 Other-relative,37.0061162079510703
 Own-child,33.2693370165745856
 Unmarried,39.1030179918746373
 Wife,36.8616071428571429
