sex,avg
 Female,36.4103611549531148
 Male,42.4280862781092244
