sex,avg
 Female,61.1876334602172500
 Male,100.2133088572739789
