sex,avg
 Female,568.4105468387336366
 Male,1329.3700780174391923
