workclass,avg
 Federal-gov,112.2687500000000000
 Private,80.0087240042298202
 Without-pay,0.00000000000000000000
 Local-gov,109.8542761586239847
 Never-worked,0.00000000000000000000
 Self-emp-not-inc,116.6316410861865407
 Self-emp-inc,155.1388888888888889
 ?,60.7603485838779956
 State-gov,83.2565485362095532
