workclass,avg
 Federal-gov,41.3791666666666667
 Private,40.2670955234402538
 Without-pay,32.7142857142857143
 Local-gov,40.9827998088867654
 Never-worked,28.4285714285714286
 Self-emp-not-inc,44.4218811491538764
 Self-emp-inc,48.8181003584229391
 ?,31.9193899782135076
 State-gov,39.0315870570107858
