workclass,avg
 Federal-gov,833.2322916666666667
 Private,889.2177916813535425
 Without-pay,487.8571428571428571
 Local-gov,880.2025800286669852
 Never-worked,0.00000000000000000000
 Self-emp-not-inc,1886.0617866981503345
 Self-emp-inc,4875.6935483870967742
 ?,606.7957516339869281
 State-gov,701.6995377503852080
